<?xml version="1.0"?>
<addon scheme="2.0">
    <id>a11yenabler</id>
    <name>Accessibility Enabler</name>
    <description>This addon increases accessibility compliance with WCAG 2.0 , ATAG 2.0 , ADA , and Section 508 without changing your website’s
        existing code. This is the only complete accessibility addon available for CS Cart</description>
    <version>1.0</version>
    <supplier>HikeOrders</supplier>
    <has_icon>Y</has_icon>
    <priority>700</priority>
    <position>0</position>
    <status>active</status>
    <default_language>en</default_language>
    <auto_install>MULTIVENDOR,ULTIMATE</auto_install>
    <compatibility>
        <core_edition>MULTIVENDOR,ULTIMATE</core_edition>
    </compatibility>
    <authors>
        <author>
            <name>HikeOrders</name>
            <url>https://hikeorders.com/accessibility/home/</url>
        </author>
    </authors>
    <settings layout="separate">
        <sections>
            <section id="general">
                <items>

                    <item id="a11yenabler_top">
                        <type>template</type>
                        <default_value>settings_top.tpl</default_value>
                    </item>

                    <item id="a11yenabler_widgetId">
                        <name>Widget ID</name>
                        <type>input</type>
                        <default_value></default_value>
                    </item>

                    <item id="a11yenabler_bottom">
                        <type>template</type>
                        <default_value>settings_bottom.tpl</default_value>
                    </item>

                </items>
            </section>
        </sections>
    </settings>
    <language_variables>
        <item lang="en" id="a11yenabler">Accessibility Enabler</item>
        <item lang="en" id="a11yenabler_heading">WidgetId Setup</item>
        <item lang="en" id="error_installing_a11yenabler">There was an ERROR while installing Accessibility Enabler.</item>
        <item lang="en" id="a11yenabler_widgetId">WidgetId</item>
        <item lang="en" id="a11yenabler_installed">Accessibility Enabler has been installed.</item>
        <item lang="en" id="a11yenabler_go_to_dashboard">Go to Dashboard</item>
    </language_variables>
</addon>
